match_id,Pt,Set1,Set2,Gm1,Gm2,Pts,Gm#,TbSet,Svr,1st,2nd,Notes,PtWinner
20170810-M-Canada_Masters-R16-Rafael_Nadal-Denis_Shapovalov,1,0,0,0,0,0-0,1,True,1,4w,5b27f3f1b2d#,,2
20170810-M-Canada_Masters-R16-Rafael_Nadal-Denis_Shapovalov,2,0,0,0,0,0-15,1,True,1,6s28f+3r3h^2*,,,1
20170810-M-Canada_Masters-R16-Rafael_Nadal-Denis_Shapovalov,3,0,0,0,0,15-15,1,True,1,6d,5f1x@,,1
20170810-M-Canada_Masters-R16-Rafael_Nadal-Denis_Shapovalov,4,0,0,0,0,30-15,1,True,1,5s38f1b1s2f+1n@,,,1
20170810-M-Canada_Masters-R16-Rafael_Nadal-Denis_Shapovalov,5,0,0,0,0,40-15,1,True,1,6f29f1b1b1b3n@,,,1
20170810-M-Canada_Masters-R16-Rafael_Nadal-Denis_Shapovalov,6,0,0,1,0,0-0,2,True,2,6f29f3r3f+1b3v2n#,,RN lost his footing in the slide while hitting his last shot (b3) and caught himself with both hands on the ground,1
20170810-M-Canada_Masters-R16-Rafael_Nadal-Denis_Shapovalov,7,0,0,1,0,0-15,2,True,2,4d,5b39f3f1b2b2f3f3f3f1d#,,2
20170810-M-Canada_Masters-R16-Rafael_Nadal-Denis_Shapovalov,8,0,0,1,0,15-15,2,True,2,5f3w#,,Serve could be considered down the T (6),2
20170810-M-Canada_Masters-R16-Rafael_Nadal-Denis_Shapovalov,9,0,0,1,0,30-15,2,True,2,4f3d#,,,2
20170810-M-Canada_Masters-R16-Rafael_Nadal-Denis_Shapovalov,10,0,0,1,0,40-15,2,True,2,4n,5b18f1b1f1w@,,1
20170810-M-Canada_Masters-R16-Rafael_Nadal-Denis_Shapovalov,11,0,0,1,0,40-30,2,True,2,4f37f+2*,,,2
20170810-M-Canada_Masters-R16-Rafael_Nadal-Denis_Shapovalov,12,0,0,1,1,0-0,3,True,1,6n,4s28f+1s1z3*,,1
20170810-M-Canada_Masters-R16-Rafael_Nadal-Denis_Shapovalov,13,0,0,1,1,15-0,3,True,1,4n,6n,,2
20170810-M-Canada_Masters-R16-Rafael_Nadal-Denis_Shapovalov,14,0,0,1,1,15-15,3,True,1,6w,6f37*,,2
20170810-M-Canada_Masters-R16-Rafael_Nadal-Denis_Shapovalov,15,0,0,1,1,15-30,3,True,1,6#,,,1
20170810-M-Canada_Masters-R16-Rafael_Nadal-Denis_Shapovalov,16,0,0,1,1,30-30,3,True,1,4b2d#,,,1
20170810-M-Canada_Masters-R16-Rafael_Nadal-Denis_Shapovalov,17,0,0,1,1,40-30,3,True,1,6d,5f18b2f2d@,,1
20170810-M-Canada_Masters-R16-Rafael_Nadal-Denis_Shapovalov,18,0,0,2,1,0-0,4,True,2,6f28f3f3f3*,,,2
20170810-M-Canada_Masters-R16-Rafael_Nadal-Denis_Shapovalov,19,0,0,2,1,15-0,4,True,2,6b37f+3n@,,,1
20170810-M-Canada_Masters-R16-Rafael_Nadal-Denis_Shapovalov,20,0,0,2,1,15-15,4,True,2,4d,5b2d@,,2
20170810-M-Canada_Masters-R16-Rafael_Nadal-Denis_Shapovalov,21,0,0,2,1,30-15,4,True,2,4f38f+1d@,,,1
20170810-M-Canada_Masters-R16-Rafael_Nadal-Denis_Shapovalov,22,0,0,2,1,30-30,4,True,2,6d,4d,,1
20170810-M-Canada_Masters-R16-Rafael_Nadal-Denis_Shapovalov,23,0,0,2,1,30-40,4,True,2,4#,,Challenge by RN on serve - unsuccessful (two challenges remaining),2
20170810-M-Canada_Masters-R16-Rafael_Nadal-Denis_Shapovalov,24,0,0,2,1,40-40,4,True,2,6d,6f27f+1b3n#,,2
20170810-M-Canada_Masters-R16-Rafael_Nadal-Denis_Shapovalov,72,1,0,0,2,15-30,12,True,2,4w,6f!@,,2
20170810-M-Canada_Masters-R16-Rafael_Nadal-Denis_Shapovalov,25,0,0,2,1,AD-40,4,True,2,5f37f3f1b2f1b3f3f3f+1s^1z^3f=+3n#,,DS's backhand slice was very short - basically a defensive chipped drop shot (s^1),1
20170810-M-Canada_Masters-R16-Rafael_Nadal-Denis_Shapovalov,26,0,0,2,1,40-40,4,True,2,4d,5b2d#,,2
20170810-M-Canada_Masters-R16-Rafael_Nadal-Denis_Shapovalov,27,0,0,2,1,AD-40,4,True,2,4w,4f38f1b2f2f2b2f1b1f1b2f2b2d@,,1
20170810-M-Canada_Masters-R16-Rafael_Nadal-Denis_Shapovalov,28,0,0,2,1,40-40,4,True,2,4d,4b29f3f3f1s2f+3f1i!#,,1
20170810-M-Canada_Masters-R16-Rafael_Nadal-Denis_Shapovalov,29,0,0,2,1,40-AD,4,True,2,6s28f+3*,,,2
20170810-M-Canada_Masters-R16-Rafael_Nadal-Denis_Shapovalov,30,0,0,2,1,40-40,4,True,2,6n,6f27f1s2f+1s1o3*,RN's second slice (s1) may have been an attempted lob,2
20170810-M-Canada_Masters-R16-Rafael_Nadal-Denis_Shapovalov,31,0,0,2,1,AD-40,4,True,2,4f2n#,,,2
20170810-M-Canada_Masters-R16-Rafael_Nadal-Denis_Shapovalov,32,0,0,2,2,0-0,5,True,1,4s27f+3f2d#,,,1
20170810-M-Canada_Masters-R16-Rafael_Nadal-Denis_Shapovalov,33,0,0,2,2,15-0,5,True,1,6s3x#,,,1
20170810-M-Canada_Masters-R16-Rafael_Nadal-Denis_Shapovalov,34,0,0,2,2,30-0,5,True,1,6w,4b18b1n@,,2
20170810-M-Canada_Masters-R16-Rafael_Nadal-Denis_Shapovalov,35,0,0,2,2,30-15,5,True,1,6d,5f39f2f2f3f1b1s1f+1b3w#,DS slipped slightly after his last forehand (f1) but recovered very quickly,1
20170810-M-Canada_Masters-R16-Rafael_Nadal-Denis_Shapovalov,36,0,0,2,2,40-15,5,True,1,6*,,,1
20170810-M-Canada_Masters-R16-Rafael_Nadal-Denis_Shapovalov,37,0,0,3,2,0-0,6,True,2,4x,5f29f3f3f2b1b1b1d@,,2
20170810-M-Canada_Masters-R16-Rafael_Nadal-Denis_Shapovalov,38,0,0,3,2,15-0,6,True,2,4n,6b3d#,,2
20170810-M-Canada_Masters-R16-Rafael_Nadal-Denis_Shapovalov,39,0,0,3,2,30-0,6,True,2,5b17b3*,,,2
20170810-M-Canada_Masters-R16-Rafael_Nadal-Denis_Shapovalov,40,0,0,3,2,40-0,6,True,2,5b17b2b1f3f2f1*,,Jumping forehand winner,2
20170810-M-Canada_Masters-R16-Rafael_Nadal-Denis_Shapovalov,41,0,0,3,3,0-0,7,True,1,4n,5b29f3f3f+1s1o3*,,1
20170810-M-Canada_Masters-R16-Rafael_Nadal-Denis_Shapovalov,42,0,0,3,3,15-0,7,True,1,4f2d#,,,1
20170810-M-Canada_Masters-R16-Rafael_Nadal-Denis_Shapovalov,43,0,0,3,3,30-0,7,True,1,6n,6f2n#,,1
20170810-M-Canada_Masters-R16-Rafael_Nadal-Denis_Shapovalov,44,0,0,3,3,40-0,7,True,1,6f3n#,,,1
20170810-M-Canada_Masters-R16-Rafael_Nadal-Denis_Shapovalov,45,0,0,4,3,0-0,8,True,2,6f27f+1w@,,New balls,1
20170810-M-Canada_Masters-R16-Rafael_Nadal-Denis_Shapovalov,46,0,0,4,3,0-15,8,True,2,4x,4n,,1
20170810-M-Canada_Masters-R16-Rafael_Nadal-Denis_Shapovalov,47,0,0,4,3,0-30,8,True,2,4d,6f28f3f2f3d@,,1
20170810-M-Canada_Masters-R16-Rafael_Nadal-Denis_Shapovalov,48,0,0,4,3,0-40,8,True,2,6n,4f37f+1*,,2
20170810-M-Canada_Masters-R16-Rafael_Nadal-Denis_Shapovalov,49,0,0,4,3,15-40,8,True,2,6f39f3f1b2d#,,New racquet for DS after this point,1
20170810-M-Canada_Masters-R16-Rafael_Nadal-Denis_Shapovalov,50,0,0,5,3,0-0,9,True,1,4d,5b17f1b1s3z=+^3n@,DS made a very late approach behind his last backhand (b1) and was still behind the service line for the volley (z=+^3),1
20170810-M-Canada_Masters-R16-Rafael_Nadal-Denis_Shapovalov,51,0,0,5,3,15-0,9,True,1,6d,5b18b1b1n#,,1
20170810-M-Canada_Masters-R16-Rafael_Nadal-Denis_Shapovalov,52,0,0,5,3,30-0,9,True,1,6f29h=1f+1s2v3f1*,,,1
20170810-M-Canada_Masters-R16-Rafael_Nadal-Denis_Shapovalov,53,0,0,5,3,40-0,9,True,1,6d,6b27f3*,Challenge by DS on 1st serve - successful; A trio of ballkids successfully retrieved a spectator's cell phone that had fallen onto the court and underneath something -- the spectator? Wayne Gretsky!,1
20170810-M-Canada_Masters-R16-Rafael_Nadal-Denis_Shapovalov,54,1,0,0,0,0-0,10,True,2,5b18b2f+3r3v^1*,,,1
20170810-M-Canada_Masters-R16-Rafael_Nadal-Denis_Shapovalov,55,1,0,0,0,0-15,10,True,2,4*,,,2
20170810-M-Canada_Masters-R16-Rafael_Nadal-Denis_Shapovalov,56,1,0,0,0,15-15,10,True,2,6w,5b28f3r1d#,,2
20170810-M-Canada_Masters-R16-Rafael_Nadal-Denis_Shapovalov,57,1,0,0,0,30-15,10,True,2,4f3w#,,,2
20170810-M-Canada_Masters-R16-Rafael_Nadal-Denis_Shapovalov,58,1,0,0,0,40-15,10,True,2,4b1n#,,,2
20170810-M-Canada_Masters-R16-Rafael_Nadal-Denis_Shapovalov,59,1,0,0,1,0-0,11,True,1,5f19f1f1*,,,2
20170810-M-Canada_Masters-R16-Rafael_Nadal-Denis_Shapovalov,60,1,0,0,1,0-15,11,True,1,c6d,5b28f3f3f1b2f3f1d#,,1
20170810-M-Canada_Masters-R16-Rafael_Nadal-Denis_Shapovalov,61,1,0,0,1,15-15,11,True,1,6f29f1b2b3f3d#,,,1
20170810-M-Canada_Masters-R16-Rafael_Nadal-Denis_Shapovalov,62,1,0,0,1,30-15,11,True,1,5b27f+;1b3*,,,2
20170810-M-Canada_Masters-R16-Rafael_Nadal-Denis_Shapovalov,63,1,0,0,1,30-30,11,True,1,4b29f1f1b1b2f3f3r3n#,,,2
20170810-M-Canada_Masters-R16-Rafael_Nadal-Denis_Shapovalov,64,1,0,0,1,30-40,11,True,1,6w,5f39f3f+1x@,,1
20170810-M-Canada_Masters-R16-Rafael_Nadal-Denis_Shapovalov,65,1,0,0,1,40-40,11,True,1,6f29h=2n#,,,2
20170810-M-Canada_Masters-R16-Rafael_Nadal-Denis_Shapovalov,66,1,0,0,1,40-AD,11,True,1,4f29h=1s3n#,,RN approached behind his forehand (h=1) but it was not really an approach shot per se,1
20170810-M-Canada_Masters-R16-Rafael_Nadal-Denis_Shapovalov,67,1,0,0,1,40-40,11,True,1,4n,4b29b3d#,,2
20170810-M-Canada_Masters-R16-Rafael_Nadal-Denis_Shapovalov,68,1,0,0,1,40-AD,11,True,1,5b29f2f2f2d@,,,2
20170810-M-Canada_Masters-R16-Rafael_Nadal-Denis_Shapovalov,69,1,0,0,2,0-0,12,True,2,6d,6d,,1
20170810-M-Canada_Masters-R16-Rafael_Nadal-Denis_Shapovalov,70,1,0,0,2,0-15,12,True,2,4f29f3f1f1b3f3f2f3f3f3f1s2u+1*,,DS wound up throwing himself on the ground lunging for the drop shot,1
20170810-M-Canada_Masters-R16-Rafael_Nadal-Denis_Shapovalov,71,1,0,0,2,0-30,12,True,2,6n,6f27f+1s1o2*,,2
20170810-M-Canada_Masters-R16-Rafael_Nadal-Denis_Shapovalov,73,1,0,0,2,30-30,12,True,2,4b18f1s2f+1*,,,2
20170810-M-Canada_Masters-R16-Rafael_Nadal-Denis_Shapovalov,74,1,0,0,2,40-30,12,True,2,4n,5f28f2f3n@,,2
20170810-M-Canada_Masters-R16-Rafael_Nadal-Denis_Shapovalov,75,1,0,0,3,0-0,13,True,1,4s3d#,,,1
20170810-M-Canada_Masters-R16-Rafael_Nadal-Denis_Shapovalov,76,1,0,0,3,15-0,13,True,1,5n,5b29i=2f+3x@,,1
20170810-M-Canada_Masters-R16-Rafael_Nadal-Denis_Shapovalov,77,1,0,0,3,30-0,13,True,1,6n,6f27f1s1f+3f3v^1*,,1
20170810-M-Canada_Masters-R16-Rafael_Nadal-Denis_Shapovalov,78,1,0,0,3,40-0,13,True,1,4f3d#,,,1
20170810-M-Canada_Masters-R16-Rafael_Nadal-Denis_Shapovalov,79,1,0,1,3,0-0,14,True,2,4n,5b27f+1*,,2
20170810-M-Canada_Masters-R16-Rafael_Nadal-Denis_Shapovalov,80,1,0,1,3,15-0,14,True,2,6*,,,2
20170810-M-Canada_Masters-R16-Rafael_Nadal-Denis_Shapovalov,81,1,0,1,3,30-0,14,True,2,4b18f+3*,,Point replayed due to overrule by chair umpire (originally: 6[d]f28...),2
20170810-M-Canada_Masters-R16-Rafael_Nadal-Denis_Shapovalov,82,1,0,1,3,40-0,14,True,2,6*,,,2
20170810-M-Canada_Masters-R16-Rafael_Nadal-Denis_Shapovalov,83,1,0,1,4,0-0,15,True,1,6w,5b17b1b+3*,,2
20170810-M-Canada_Masters-R16-Rafael_Nadal-Denis_Shapovalov,84,1,0,1,4,0-15,15,True,1,5b1n#,,,1
20170810-M-Canada_Masters-R16-Rafael_Nadal-Denis_Shapovalov,85,1,0,1,4,15-15,15,True,1,4s3d#,,,1
20170810-M-Canada_Masters-R16-Rafael_Nadal-Denis_Shapovalov,86,1,0,1,4,30-15,15,True,1,6d,5f39f3f3x@,,1
20170810-M-Canada_Masters-R16-Rafael_Nadal-Denis_Shapovalov,87,1,0,1,4,40-15,15,True,1,6d,6w,,2
20170810-M-Canada_Masters-R16-Rafael_Nadal-Denis_Shapovalov,88,1,0,1,4,40-30,15,True,1,6b17b+;^3r-1z1o3*,,RN's backhand (b+;^3) clipped the net and landed very short in the court; diving lob volley by RN (z1),2
20170810-M-Canada_Masters-R16-Rafael_Nadal-Denis_Shapovalov,89,1,0,1,4,40-40,15,True,1,4n,4b19b1f3*,,2
20170810-M-Canada_Masters-R16-Rafael_Nadal-Denis_Shapovalov,90,1,0,1,4,40-AD,15,True,1,6d,6f29f3f3f1b2f3f3f3f2b+1b3w#,Challenge by DS - unsuccessful (two challenges remaining); the ball was quite close to being in all things considered but still clearly out even without a closer look; RN seems frustrated and complains to the umpire that DS was wasting time by asking for the challenge -- the commentators themselves point out the hypocrisy of Rafael Nadal complaining about an opponent taking too much time between points,1
20170810-M-Canada_Masters-R16-Rafael_Nadal-Denis_Shapovalov,91,1,0,1,4,40-40,15,True,1,4b17f1s3d#,,,1
20170810-M-Canada_Masters-R16-Rafael_Nadal-Denis_Shapovalov,92,1,0,1,4,AD-40,15,True,1,6w,5b29f3f3f1w#,,2
20170810-M-Canada_Masters-R16-Rafael_Nadal-Denis_Shapovalov,93,1,0,1,4,40-40,15,True,1,5f29f3f3f3f3f3f3f3w@,,,2
20170810-M-Canada_Masters-R16-Rafael_Nadal-Denis_Shapovalov,94,1,0,1,4,40-AD,15,True,1,6b3d#,,,1
20170810-M-Canada_Masters-R16-Rafael_Nadal-Denis_Shapovalov,95,1,0,1,4,40-40,15,True,1,6w,6f28f1b2f3f3w#,,1
20170810-M-Canada_Masters-R16-Rafael_Nadal-Denis_Shapovalov,96,1,0,1,4,AD-40,15,True,1,4f1d#,,,1
20170810-M-Canada_Masters-R16-Rafael_Nadal-Denis_Shapovalov,97,1,0,2,4,0-0,16,True,2,4s19o=3x@,,Overhead hit before the bounce but still at the back of the court off very high and deep defensive chip (s19); very bad miss on the overhead by DS (o=3x@) that would be tempting to call a shank if not for it being hit cleanly (meaning bad aim rather than bad timing),1
20170810-M-Canada_Masters-R16-Rafael_Nadal-Denis_Shapovalov,98,1,0,2,4,0-15,16,True,2,4f38f3w@,,,1
20170810-M-Canada_Masters-R16-Rafael_Nadal-Denis_Shapovalov,99,1,0,2,4,0-30,16,True,2,6f27f+1s1o3f#,,Very high defensive chip lob short in the court (s1); RN guessed the right direction for the overhead (o3) and got his racquet on the ball but still couldn't control it (f#),2
20170810-M-Canada_Masters-R16-Rafael_Nadal-Denis_Shapovalov,100,1,0,2,4,15-30,16,True,2,4f3x#,,,2
20170810-M-Canada_Masters-R16-Rafael_Nadal-Denis_Shapovalov,101,1,0,2,4,30-30,16,True,2,4b18i!@,,DS approached the net shortly after serving but it was not a serve-and-volley play - the poor approach forced him to attempt a difficult half-volley (i!@),1
20170810-M-Canada_Masters-R16-Rafael_Nadal-Denis_Shapovalov,102,1,0,2,4,30-40,16,True,2,5d,5b37f2b1f1w@,,1
20170810-M-Canada_Masters-R16-Rafael_Nadal-Denis_Shapovalov,103,1,0,3,4,0-0,17,True,1,4b19b1s3n#,,,1
20170810-M-Canada_Masters-R16-Rafael_Nadal-Denis_Shapovalov,104,1,0,3,4,15-0,17,True,1,6d,6b18f3f+3f1d#,,2
20170810-M-Canada_Masters-R16-Rafael_Nadal-Denis_Shapovalov,105,1,0,3,4,15-15,17,True,1,4n,5n,,2
20170810-M-Canada_Masters-R16-Rafael_Nadal-Denis_Shapovalov,106,1,0,3,4,15-30,17,True,1,6b28f+1s1n#,,,1
20170810-M-Canada_Masters-R16-Rafael_Nadal-Denis_Shapovalov,107,1,0,3,4,30-30,17,True,1,4n,4b1d@,,1
20170810-M-Canada_Masters-R16-Rafael_Nadal-Denis_Shapovalov,108,1,0,3,4,40-30,17,True,1,5b29f1b2f2f3f1b2f3f3x#,,,1
20170810-M-Canada_Masters-R16-Rafael_Nadal-Denis_Shapovalov,109,1,0,4,4,0-0,18,True,2,6f38f2f2b3f1b1b1b1n@,,New racquet for RN; DS's second backhand (b1) was a shank that just landed in,1
20170810-M-Canada_Masters-R16-Rafael_Nadal-Denis_Shapovalov,110,1,0,4,4,0-15,18,True,2,6n,5b29f3f2f+1n@,,1
20170810-M-Canada_Masters-R16-Rafael_Nadal-Denis_Shapovalov,111,1,0,4,4,0-30,18,True,2,4*,,,2
20170810-M-Canada_Masters-R16-Rafael_Nadal-Denis_Shapovalov,112,1,0,4,4,15-30,18,True,2,6*,,,2
20170810-M-Canada_Masters-R16-Rafael_Nadal-Denis_Shapovalov,113,1,0,4,4,30-30,18,True,2,5b27f+1*,,,2
20170810-M-Canada_Masters-R16-Rafael_Nadal-Denis_Shapovalov,114,1,0,4,4,40-30,18,True,2,5b3n#,,,2
20170810-M-Canada_Masters-R16-Rafael_Nadal-Denis_Shapovalov,115,1,0,4,5,0-0,19,True,1,5b3w#,,,1
20170810-M-Canada_Masters-R16-Rafael_Nadal-Denis_Shapovalov,116,1,0,4,5,15-0,19,True,1,6d,6n,,2
20170810-M-Canada_Masters-R16-Rafael_Nadal-Denis_Shapovalov,117,1,0,4,5,15-15,19,True,1,5b18b1b3d@,,,1
20170810-M-Canada_Masters-R16-Rafael_Nadal-Denis_Shapovalov,118,1,0,4,5,30-15,19,True,1,6w,5f37f3d@,,2
20170810-M-Canada_Masters-R16-Rafael_Nadal-Denis_Shapovalov,119,1,0,4,5,30-30,19,True,1,4b17b3f+3*,,Challenge by RN - unsuccessful (two challenges remaining),2
20170810-M-Canada_Masters-R16-Rafael_Nadal-Denis_Shapovalov,120,1,0,4,5,30-40,19,True,1,4n,6b37f1d#,DS's return (b37) was something of a mis-hit,2
20170810-M-Canada_Masters-R16-Rafael_Nadal-Denis_Shapovalov,121,1,1,0,0,0-0,20,True,2,6f1d#,,,2
20170810-M-Canada_Masters-R16-Rafael_Nadal-Denis_Shapovalov,122,1,1,0,0,15-0,20,True,2,6b38f2f2b3f1b1b2f2f3f3f2!@,,,2
20170810-M-Canada_Masters-R16-Rafael_Nadal-Denis_Shapovalov,123,1,1,0,0,30-0,20,True,2,4b17f+1b1z3n@,,,1
20170810-M-Canada_Masters-R16-Rafael_Nadal-Denis_Shapovalov,124,1,1,0,0,30-15,20,True,2,6d,5f28b1d@,,1
20170810-M-Canada_Masters-R16-Rafael_Nadal-Denis_Shapovalov,125,1,1,0,0,30-30,20,True,2,4b27f+2f2v1d@,,,1
20170810-M-Canada_Masters-R16-Rafael_Nadal-Denis_Shapovalov,126,1,1,0,0,30-40,20,True,2,4n,5b38f3f2d#,,2
20170810-M-Canada_Masters-R16-Rafael_Nadal-Denis_Shapovalov,127,1,1,0,0,40-40,20,True,2,6x,5b17b;1b3f3f2b1b1b3f3w@,,2
20170810-M-Canada_Masters-R16-Rafael_Nadal-Denis_Shapovalov,128,1,1,0,0,AD-40,20,True,2,4f1d#,,,2
20170810-M-Canada_Masters-R16-Rafael_Nadal-Denis_Shapovalov,129,1,1,0,1,0-0,21,True,1,4b38f3r1f1b2f+3l3o=+1*,,New racquet for DS; All of DS's shots (including the lob - l1) were defensive,1
20170810-M-Canada_Masters-R16-Rafael_Nadal-Denis_Shapovalov,130,1,1,0,1,15-0,21,True,1,4x,6b19b2f1b1b1b2n@,,2
20170810-M-Canada_Masters-R16-Rafael_Nadal-Denis_Shapovalov,131,1,1,0,1,15-15,21,True,1,6f1w#,,,1
20170810-M-Canada_Masters-R16-Rafael_Nadal-Denis_Shapovalov,132,1,1,0,1,30-15,21,True,1,6b37*,,,2
20170810-M-Canada_Masters-R16-Rafael_Nadal-Denis_Shapovalov,133,1,1,0,1,30-30,21,True,1,4b1x#,,,1
20170810-M-Canada_Masters-R16-Rafael_Nadal-Denis_Shapovalov,134,1,1,0,1,40-30,21,True,1,6n,6b29f1f1b2f+1m2d#,,2
20170810-M-Canada_Masters-R16-Rafael_Nadal-Denis_Shapovalov,135,1,1,0,1,40-40,21,True,1,6n,5b18f1s2f+3*,,1
20170810-M-Canada_Masters-R16-Rafael_Nadal-Denis_Shapovalov,136,1,1,0,1,AD-40,21,True,1,5b38f+1s2v^3f1n#,,,1
20170810-M-Canada_Masters-R16-Rafael_Nadal-Denis_Shapovalov,137,1,1,1,1,0-0,22,True,2,6f18f3*,,,2
20170810-M-Canada_Masters-R16-Rafael_Nadal-Denis_Shapovalov,138,1,1,1,1,15-0,22,True,2,4f37f-+1s1o=3*,,DS's serve was very slow and wide to the point that RN was well outside the doubles alley and could still just barely reach it,2
20170810-M-Canada_Masters-R16-Rafael_Nadal-Denis_Shapovalov,139,1,1,1,1,30-0,22,True,2,6d,4d,,1
20170810-M-Canada_Masters-R16-Rafael_Nadal-Denis_Shapovalov,140,1,1,1,1,30-15,22,True,2,5o39f3f3f3f1b1n@,,Crouching overhead return d/t misreading body serve (5o39) - not a smash!,1
20170810-M-Canada_Masters-R16-Rafael_Nadal-Denis_Shapovalov,141,1,1,1,1,30-30,22,True,2,4*,,,2
20170810-M-Canada_Masters-R16-Rafael_Nadal-Denis_Shapovalov,142,1,1,1,1,40-30,22,True,2,5d,5b29f3n@,,1
20170810-M-Canada_Masters-R16-Rafael_Nadal-Denis_Shapovalov,143,1,1,1,1,40-40,22,True,2,4x,6f19b1f1b2d@,,1
20170810-M-Canada_Masters-R16-Rafael_Nadal-Denis_Shapovalov,144,1,1,1,1,40-AD,22,True,2,4f39f1s1f-3*,,,2
20170810-M-Canada_Masters-R16-Rafael_Nadal-Denis_Shapovalov,145,1,1,1,1,40-40,22,True,2,4n,5b29f1b1n#,,2
20170810-M-Canada_Masters-R16-Rafael_Nadal-Denis_Shapovalov,146,1,1,1,1,AD-40,22,True,2,4n,6d,,1
20170810-M-Canada_Masters-R16-Rafael_Nadal-Denis_Shapovalov,147,1,1,1,1,40-40,22,True,2,6n,5d,,1
20170810-M-Canada_Masters-R16-Rafael_Nadal-Denis_Shapovalov,148,1,1,1,1,40-AD,22,True,2,4n,4f28f1*,DS was falling backwards when he hit the ball and still hit it hard enough for a clean winner,2
20170810-M-Canada_Masters-R16-Rafael_Nadal-Denis_Shapovalov,149,1,1,1,1,40-40,22,True,2,4n,6r19f1x@,,1
20170810-M-Canada_Masters-R16-Rafael_Nadal-Denis_Shapovalov,150,1,1,1,1,40-AD,22,True,2,5s37f+3f1n#,,RN almost pulled off one of his famous banana passing shots,2
20170810-M-Canada_Masters-R16-Rafael_Nadal-Denis_Shapovalov,151,1,1,1,1,40-40,22,True,2,6d,5b1n#,,2
20170810-M-Canada_Masters-R16-Rafael_Nadal-Denis_Shapovalov,152,1,1,1,1,AD-40,22,True,2,4f38f3n#,,,1
20170810-M-Canada_Masters-R16-Rafael_Nadal-Denis_Shapovalov,153,1,1,1,1,40-40,22,True,2,5b17f1*,,,2
20170810-M-Canada_Masters-R16-Rafael_Nadal-Denis_Shapovalov,154,1,1,1,1,AD-40,22,True,2,5b18b2f1b2f1b1b1b1b1b2n#,,,1
20170810-M-Canada_Masters-R16-Rafael_Nadal-Denis_Shapovalov,155,1,1,1,1,40-40,22,True,2,4d,4b27f+3*,,2
20170810-M-Canada_Masters-R16-Rafael_Nadal-Denis_Shapovalov,156,1,1,1,1,AD-40,22,True,2,4f39h=2d#,,,1
20170810-M-Canada_Masters-R16-Rafael_Nadal-Denis_Shapovalov,157,1,1,1,1,40-40,22,True,2,6f38f3f3f3f3w@,,Challenge by RN - unsuccessful (two challenges remaining),2
20170810-M-Canada_Masters-R16-Rafael_Nadal-Denis_Shapovalov,158,1,1,1,1,AD-40,22,True,2,4f27f3d@,,,1
20170810-M-Canada_Masters-R16-Rafael_Nadal-Denis_Shapovalov,159,1,1,1,1,40-40,22,True,2,6f27f+;1b3n#,,,2
20170810-M-Canada_Masters-R16-Rafael_Nadal-Denis_Shapovalov,160,1,1,1,1,AD-40,22,True,2,4f37r1n#,,,1
20170810-M-Canada_Masters-R16-Rafael_Nadal-Denis_Shapovalov,161,1,1,1,1,40-40,22,True,2,4n,6f19b2f1b2f1x@,,2
20170810-M-Canada_Masters-R16-Rafael_Nadal-Denis_Shapovalov,162,1,1,1,1,AD-40,22,True,2,5b29f3f1s1f3r2f1b2f3f3u2n@,,Due to RN's return position almost in doubles alley the serve acted as a down-the-T serve even though it was in the middle of the service box; Game duration = 14:33,2
20170810-M-Canada_Masters-R16-Rafael_Nadal-Denis_Shapovalov,208,1,1,5,5,15-15,30,True,2,6f27f+1*,,,2
20170810-M-Canada_Masters-R16-Rafael_Nadal-Denis_Shapovalov,163,1,1,1,2,0-0,23,True,1,6n,5f28f3r1f3f;3f3f3f3f1*,Comment from the inimmitable Robbie Koenig: My forehand is bigger than yours!,2
20170810-M-Canada_Masters-R16-Rafael_Nadal-Denis_Shapovalov,164,1,1,1,2,0-15,23,True,1,6n,4f2n@,,1
20170810-M-Canada_Masters-R16-Rafael_Nadal-Denis_Shapovalov,165,1,1,1,2,15-15,23,True,1,4d,4b28f1b1f1b1b1b+3f3h!#,,1
20170810-M-Canada_Masters-R16-Rafael_Nadal-Denis_Shapovalov,166,1,1,1,2,30-15,23,True,1,6b29f3d@,,,2
20170810-M-Canada_Masters-R16-Rafael_Nadal-Denis_Shapovalov,167,1,1,1,2,30-30,23,True,1,4b1d#,,,1
20170810-M-Canada_Masters-R16-Rafael_Nadal-Denis_Shapovalov,168,1,1,1,2,40-30,23,True,1,4f28f+1b1z2f-+1*,,RN's volley (z2) was a defensive dig at full stretch and just above the ground that popped the ball quite high and short,2
20170810-M-Canada_Masters-R16-Rafael_Nadal-Denis_Shapovalov,169,1,1,1,2,40-40,23,True,1,5b38f1b2b1b3f1b1b1f2f3r3f+1s3o2*,,Very high defensive chip by DS (s3),1
20170810-M-Canada_Masters-R16-Rafael_Nadal-Denis_Shapovalov,170,1,1,1,2,AD-40,23,True,1,6*,,,1
20170810-M-Canada_Masters-R16-Rafael_Nadal-Denis_Shapovalov,171,1,1,2,2,0-0,24,True,2,6d,6f29f2f3f2s1r1f+1s1h1w#,,2
20170810-M-Canada_Masters-R16-Rafael_Nadal-Denis_Shapovalov,172,1,1,2,2,15-0,24,True,2,6d,6b28b2f3f1b2f1s2f1n@,,1
20170810-M-Canada_Masters-R16-Rafael_Nadal-Denis_Shapovalov,173,1,1,2,2,15-15,24,True,2,4b17b1b2f3f2b2f1b1b1f2f3r2f3f1b2f+1w#,,RN's last shot (b2) appears to have been a mis-hit of sorts as it was very short for a groundstroke,1
20170810-M-Canada_Masters-R16-Rafael_Nadal-Denis_Shapovalov,174,1,1,2,2,15-30,24,True,2,5n,4*,,2
20170810-M-Canada_Masters-R16-Rafael_Nadal-Denis_Shapovalov,175,1,1,2,2,30-30,24,True,2,6f38f+1s1z3f+1*,,,1
20170810-M-Canada_Masters-R16-Rafael_Nadal-Denis_Shapovalov,176,1,1,2,2,30-40,24,True,2,4w,5f28f2f2f1s1f+3*,,2
20170810-M-Canada_Masters-R16-Rafael_Nadal-Denis_Shapovalov,177,1,1,2,2,40-40,24,True,2,5d,5d,,1
20170810-M-Canada_Masters-R16-Rafael_Nadal-Denis_Shapovalov,178,1,1,2,2,40-AD,24,True,2,4f38f+1*,,Challenge by RN - unsuccessful (one challenge remaining),2
20170810-M-Canada_Masters-R16-Rafael_Nadal-Denis_Shapovalov,179,1,1,2,2,40-40,24,True,2,4b17f+2f2v1m1o-3*,,Incredibly wide angle on the serve (4); RN's lob (m1) was partially defensive and short enough to be hit before the bounce without going behind the baseline (o-3*),2
20170810-M-Canada_Masters-R16-Rafael_Nadal-Denis_Shapovalov,180,1,1,2,2,AD-40,24,True,2,6n,4f2d#,,2
20170810-M-Canada_Masters-R16-Rafael_Nadal-Denis_Shapovalov,181,1,1,2,3,0-0,25,True,1,4b39f1n#,,,2
20170810-M-Canada_Masters-R16-Rafael_Nadal-Denis_Shapovalov,182,1,1,2,3,0-15,25,True,1,4f3d#,,,1
20170810-M-Canada_Masters-R16-Rafael_Nadal-Denis_Shapovalov,183,1,1,2,3,15-15,25,True,1,6n,5b1n#,Huge amount of kick on the 2nd serve - the ball was at or just above DS's head height when he hit it while jumping!,1
20170810-M-Canada_Masters-R16-Rafael_Nadal-Denis_Shapovalov,184,1,1,2,3,30-15,25,True,1,6s1n#,,,1
20170810-M-Canada_Masters-R16-Rafael_Nadal-Denis_Shapovalov,185,1,1,2,3,40-15,25,True,1,6n,4d,,2
20170810-M-Canada_Masters-R16-Rafael_Nadal-Denis_Shapovalov,186,1,1,2,3,40-30,25,True,1,6b3n#,,,1
20170810-M-Canada_Masters-R16-Rafael_Nadal-Denis_Shapovalov,187,1,1,3,3,0-0,26,True,2,6f27f+3f2v1*,,New balls; New racquet for RN; DS's volley (v1) was a mis-hit that was fortunate to land just on the line,2
20170810-M-Canada_Masters-R16-Rafael_Nadal-Denis_Shapovalov,188,1,1,3,3,15-0,26,True,2,6s28f3f3f3f1b2b1f1b1d#,,,2
20170810-M-Canada_Masters-R16-Rafael_Nadal-Denis_Shapovalov,189,1,1,3,3,30-0,26,True,2,6f!#,,,2
20170810-M-Canada_Masters-R16-Rafael_Nadal-Denis_Shapovalov,190,1,1,3,3,40-0,26,True,2,4f28b2s1f1*,,,2
20170810-M-Canada_Masters-R16-Rafael_Nadal-Denis_Shapovalov,191,1,1,3,4,0-0,27,True,1,6f28f1b1n#,,,1
20170810-M-Canada_Masters-R16-Rafael_Nadal-Denis_Shapovalov,192,1,1,3,4,15-0,27,True,1,5b2n#,,,1
20170810-M-Canada_Masters-R16-Rafael_Nadal-Denis_Shapovalov,193,1,1,3,4,30-0,27,True,1,4b3d#,,,1
20170810-M-Canada_Masters-R16-Rafael_Nadal-Denis_Shapovalov,194,1,1,3,4,40-0,27,True,1,4w,5f28f3n@,,2
20170810-M-Canada_Masters-R16-Rafael_Nadal-Denis_Shapovalov,195,1,1,3,4,40-15,27,True,1,4s3d#,,,1
20170810-M-Canada_Masters-R16-Rafael_Nadal-Denis_Shapovalov,196,1,1,4,4,0-0,28,True,2,6f17f+1b1z;3f1z#,,,1
20170810-M-Canada_Masters-R16-Rafael_Nadal-Denis_Shapovalov,197,1,1,4,4,0-15,28,True,2,6n,4f27f3f3f+1*,,2
20170810-M-Canada_Masters-R16-Rafael_Nadal-Denis_Shapovalov,198,1,1,4,4,15-15,28,True,2,4n,6f27f+3n@,,1
20170810-M-Canada_Masters-R16-Rafael_Nadal-Denis_Shapovalov,199,1,1,4,4,15-30,28,True,2,4f!#,,,2
20170810-M-Canada_Masters-R16-Rafael_Nadal-Denis_Shapovalov,200,1,1,4,4,30-30,28,True,2,4b1w#,,,2
20170810-M-Canada_Masters-R16-Rafael_Nadal-Denis_Shapovalov,201,1,1,4,4,40-30,28,True,2,5b3d#,,,2
20170810-M-Canada_Masters-R16-Rafael_Nadal-Denis_Shapovalov,202,1,1,4,5,0-0,29,True,1,4n,5f29f2f2f2f3f3f1b2f1b1b3f3r3i^3f-2z1*,,1
20170810-M-Canada_Masters-R16-Rafael_Nadal-Denis_Shapovalov,203,1,1,4,5,15-0,29,True,1,4f2n#,,,1
20170810-M-Canada_Masters-R16-Rafael_Nadal-Denis_Shapovalov,204,1,1,4,5,30-0,29,True,1,4b18f3l3o-2*,,Defensive lob by DS (l3) landed very short in the court and was hit after the bounce from the service line,1
20170810-M-Canada_Masters-R16-Rafael_Nadal-Denis_Shapovalov,205,1,1,4,5,40-0,29,True,1,6b29f3f1w@,,,1
20170810-M-Canada_Masters-R16-Rafael_Nadal-Denis_Shapovalov,206,1,1,5,5,0-0,30,True,2,6f19f1b3w@,,,2
20170810-M-Canada_Masters-R16-Rafael_Nadal-Denis_Shapovalov,207,1,1,5,5,15-0,30,True,2,4n,6f19b3x#,Impossible to tell for sure if DS's error was wide and long or just wide (ball lands off-camera); Challenge by DS on RN's return (f19[w?]) - unsuccessful (two challenges remaining),1
20170810-M-Canada_Masters-R16-Rafael_Nadal-Denis_Shapovalov,209,1,1,5,5,30-15,30,True,2,6n,4f38f3f3f+1b3v3*,,2
20170810-M-Canada_Masters-R16-Rafael_Nadal-Denis_Shapovalov,210,1,1,5,5,40-15,30,True,2,6d,4b18b3f3f3f1s1s1b1b1s3f+1b1*,DS's last slice (s3) was very short and drew RN forwards although it was not a drop shot,2
20170810-M-Canada_Masters-R16-Rafael_Nadal-Denis_Shapovalov,211,1,1,5,6,0-0,31,True,1,c5b3d#,,,1
20170810-M-Canada_Masters-R16-Rafael_Nadal-Denis_Shapovalov,212,1,1,5,6,15-0,31,True,1,6b29f+1s2o3*,,,1
20170810-M-Canada_Masters-R16-Rafael_Nadal-Denis_Shapovalov,213,1,1,5,6,30-0,31,True,1,6w,4b28f+3r2d#,,1
20170810-M-Canada_Masters-R16-Rafael_Nadal-Denis_Shapovalov,214,1,1,5,6,40-0,31,True,1,4f2d#,,,1
20170810-M-Canada_Masters-R16-Rafael_Nadal-Denis_Shapovalov,215,1,1,6,6,0-0,32,True,2,4b27f+3f3v^1w#,,,1
20170810-M-Canada_Masters-R16-Rafael_Nadal-Denis_Shapovalov,216,1,1,6,6,1-0,32,True,1,6n,6b38f2b2f3f2f2f1b1b2f3*,RN approached late behind his last shot (f3*) but it was not hit as an approach shot,1
20170810-M-Canada_Masters-R16-Rafael_Nadal-Denis_Shapovalov,217,1,1,6,6,2-0,32,True,1,5b3x#,,,1
20170810-M-Canada_Masters-R16-Rafael_Nadal-Denis_Shapovalov,218,1,1,6,6,0-3,32,True,2,4n,4f27b1b2d#,,2
20170810-M-Canada_Masters-R16-Rafael_Nadal-Denis_Shapovalov,219,1,1,6,6,1-3,32,True,2,4*,,,2
20170810-M-Canada_Masters-R16-Rafael_Nadal-Denis_Shapovalov,220,1,1,6,6,3-2,32,True,1,4x,5d,,2
20170810-M-Canada_Masters-R16-Rafael_Nadal-Denis_Shapovalov,221,1,1,6,6,3-3,32,True,1,4n,5f29f2f1w@,,1
20170810-M-Canada_Masters-R16-Rafael_Nadal-Denis_Shapovalov,222,1,1,6,6,3-4,32,True,2,6*,,,2
20170810-M-Canada_Masters-R16-Rafael_Nadal-Denis_Shapovalov,223,1,1,6,6,4-4,32,True,2,6f29f1b1f3*,,Challenge by RN - unsuccessful (one challenge remaining),2
20170810-M-Canada_Masters-R16-Rafael_Nadal-Denis_Shapovalov,224,1,1,6,6,4-5,32,True,1,6b28f1n@,,,2
20170810-M-Canada_Masters-R16-Rafael_Nadal-Denis_Shapovalov,225,1,1,6,6,4-6,32,True,1,4b29f1b3f2b2f3f3f3f+1*,,Game Set & Match - D. Shapovalov; time: 2:45,2
